Details,Posting Date,Description,Amount,Type,Balance,Check or Slip #
DEBIT,06/04/2026,"ORIG CO NAME:PL*PAYLEASE      CO ENTRY DESCR:WEB PMTS   SEC:WEB IND ID:GSBZV8          ORIG ID:9000287225",-2.95,ACH_DEBIT, ,,
DEBIT,06/04/2026,"ORIG CO NAME:PL*HOAPAYMENT    CO ENTRY DESCR:WEB PMTS   SEC:WEB IND ID:8SBZV8          ORIG ID:9000414133",-85.00,ACH_DEBIT, ,,
DEBIT,06/01/2026,"NON-CHASE ATM FEE-WITH",-3.00,FEE_TRANSACTION,7607.22,,
DEBIT,06/01/2026,"NON-CHASE ATM WITHDRAW               007263  05/3017006 S W",-403.50,ATM,7610.22,,
DEBIT,06/01/2026,"LAKEVIEW LN SRV  MTG PYMT   0046359691      WEB ID: 1541322890",-1227.99,ACH_DEBIT,8013.72,,
DEBIT,06/01/2026,"AZ LOT CIRCLE K 3486 MARICOPA AZ             05/29",-58.00,DEBIT_CARD,9241.71,,
DEBIT,06/01/2026,"SLIM CHICKENS #16403 OL MARICOPA AZ          05/28",-38.30,DEBIT_CARD,9299.71,,
DEBIT,05/28/2026,"ED-3 LANDDD877C3EE AZ                        05/27",-300.00,DEBIT_CARD,9338.01,,
DEBIT,05/27/2026,"Zelle payment to New Lil Bro JPM99cihi6u0",-40.00,CHASE_TO_PARTNERFI,9638.01,,
CREDIT,05/22/2026,"INTEL CORPORATIO DIRDEP                     PPD ID: 1941672743",1117.00,ACH_CREDIT,9678.01,,
DEBIT,05/21/2026,"ORBITEL COMMUNICATION 520-568-8890 AZ        05/20",-72.82,DEBIT_CARD,8561.01,,
DEBIT,05/15/2026,"SLIM CHICKENS #16403 OL MARICOPA AZ          05/14",-47.04,DEBIT_CARD,8633.83,,
DEBIT,05/12/2026,"PAYMENTUS CORP 980-272-3788 NC               05/11",-3.39,DEBIT_CARD,8680.87,,
DEBIT,05/12/2026,"GLOBAL WATER RESOURCE 512-696-2245 TX        05/11",-121.21,DEBIT_CARD,8684.26,,
DEBIT,05/11/2026,"ATM WITHDRAWAL                       006735  05/10228 W CHA",-200.00,ATM,8805.47,,
CREDIT,05/08/2026,"INTEL CORPORATIO DIRDEP                     PPD ID: 1941672743",1117.00,ACH_CREDIT,9005.47,,
DEBIT,05/07/2026,"DUTCHBROS.COFFEE APPS.APPLE.CO OR            05/07",-16.49,DEBIT_CARD,7888.47,,
DEBIT,05/05/2026,"PL*PAYLEASE      WEB PMTS   9LRQR8          WEB ID: 9000287225",-2.95,ACH_DEBIT,7904.96,,
DEBIT,05/05/2026,"PL*HOAPAYMENT    WEB PMTS   6S6VR8          WEB ID: 9000414133",-85.00,ACH_DEBIT,7907.91,,
DEBIT,05/05/2026,"PANDA EXPRESS #1261 P olo.com AZ             05/04",-61.18,DEBIT_CARD,7992.91,,
DEBIT,05/04/2026,"DUTCHBROS.COFFEE APPS.APPLE.CO OR            05/03",-15.72,DEBIT_CARD,8054.09,,
DEBIT,05/01/2026,"DUTCHBROS.COFFEE APPS.APPLE.CO OR            05/01",-27.96,DEBIT_CARD,8069.81,,
DEBIT,05/01/2026,"LAKEVIEW LN SRV  MTG PYMT   0046359691      WEB ID: 1541322890",-1227.99,ACH_DEBIT,8097.77,,
CREDIT,05/01/2026,"INTEL CORPORATIO DIRDEP                     PPD ID: 1941672743",777.41,ACH_CREDIT,9325.76,,
DEBIT,04/30/2026,"ED-3 LANDDD877C3EE AZ                        04/29",-150.00,DEBIT_CARD,8548.35,,
DEBIT,04/29/2026,"Zelle payment to New Lil Bro JPM99ceygq4t",-20.00,CHASE_TO_PARTNERFI,8698.35,,
CREDIT,04/24/2026,"INTEL CORPORATIO DIRDEP                     PPD ID: 1941672743",1117.00,ACH_CREDIT,8718.35,,
DEBIT,04/23/2026,"ATM WITHDRAWAL                       003879  04/232715 S 99",-200.00,ATM,7601.35,,
DEBIT,04/23/2026,"WITHDRAWAL 04/23",-40.00,MISC_DEBIT,7801.35,,
DEBIT,04/23/2026,"WITHDRAWAL 04/23",-276.00,MISC_DEBIT,7841.35,,
DEBIT,04/21/2026,"ORBITEL COMMUNICATION 520-568-8890 AZ        04/20",-72.82,DEBIT_CARD,8117.35,,
DEBIT,04/13/2026,"PAYMENTUS CORP 980-272-3788 NC               04/11",-3.49,DEBIT_CARD,8190.17,,
DEBIT,04/13/2026,"GLOBAL WATER RESOURCE 512-696-2245 TX        04/11",-124.64,DEBIT_CARD,8193.66,,
CREDIT,04/10/2026,"INTEL CORPORATIO DIRDEP                     PPD ID: 1941672743",1117.00,ACH_CREDIT,8318.30,,
DEBIT,04/06/2026,"PL*PAYLEASE      WEB PMTS   3C0WN8          WEB ID: 9000287225",-2.95,ACH_DEBIT,7201.30,,
DEBIT,04/06/2026,"PL*HOAPAYMENT    WEB PMTS   KK2WN8          WEB ID: 9000414133",-85.00,ACH_DEBIT,7204.25,,
DEBIT,04/02/2026,"ATM WITHDRAWAL                       006274  04/01228 W CHA",-200.00,ATM,7289.25,,
DEBIT,04/01/2026,"LAKEVIEW LN SRV  MTG PYMT   0046359691      WEB ID: 1541322890",-1227.99,ACH_DEBIT,7489.25,,
DEBIT,04/01/2026,"PANDA EXPRESS #1261 P olo.com AZ             03/31",-57.58,DEBIT_CARD,8717.24,,
DEBIT,03/30/2026,"ATM WITHDRAWAL                       008185  03/2821650 N J",-200.00,ATM,8774.82,,
CREDIT,03/27/2026,"INTEL CORPORATIO DIRDEP                     PPD ID: 1941672743",1117.00,ACH_CREDIT,8974.82,,
DEBIT,03/23/2026,"ORBITEL COMMUNICATION 520-568-8890 AZ        03/22",-72.82,DEBIT_CARD,7857.82,,
DEBIT,03/20/2026,"DD *DOORDASH JERSEYMI DOORDASH.COM CA        03/20",-36.10,DEBIT_CARD,7930.64,,
DEBIT,03/20/2026,"WCI*RAD EAST VALLEY 480-983-9101 AZ          03/19",-61.26,DEBIT_CARD,7966.74,,
DEBIT,03/19/2026,"DUTCHBROS.COFFEE APPS.APPLE.CO OR            03/19",-16.16,DEBIT_CARD,8028.00,,
DEBIT,03/19/2026,"MDC*ELECTRICAL DIST 3 520-4249021 AZ         03/18",-150.00,DEBIT_CARD,8044.16,,
DEBIT,03/16/2026,"SQ *FOUNDING FATHERS CO Prescott AZ          03/13",-30.16,DEBIT_CARD,8194.16,,
CREDIT,03/13/2026,"INTEL CORPORATIO DIRDEP                     PPD ID: 1941672743",1117.00,ACH_CREDIT,8224.32,,
DEBIT,03/12/2026,"PAYMENTUS CORP 980-272-3788 NC               03/11",-3.60,DEBIT_CARD,7107.32,,
DEBIT,03/12/2026,"GLOBAL WATER RESOURCE 512-696-2245 TX        03/11",-128.43,DEBIT_CARD,7110.92,,
DEBIT,03/10/2026,"ATM WITHDRAWAL                       000040  03/10228 W CHA",-1000.00,ATM,7239.35,,
CREDIT,03/10/2026,"INTEL CORPORATIO DIRDEP                     PPD ID: 1941672743",36.93,ACH_CREDIT,8239.35,,
DEBIT,03/09/2026,"DUTCHBROS.COFFEE APPS.APPLE.CO OR            03/09",-17.58,DEBIT_CARD,8202.42,,
DEBIT,03/09/2026,"Zelle payment to New Lil Bro JPM99c8cq424",-7.05,CHASE_TO_PARTNERFI,8220.00,,
DEBIT,03/04/2026,"Zelle payment to Bestfriend 28301231696",-255.00,QUICKPAY_DEBIT,8227.05,,
DEBIT,03/04/2026,"PL*PAYLEASE      WEB PMTS   D8LMK8          WEB ID: 9000287225",-2.95,ACH_DEBIT,8482.05,,
DEBIT,03/04/2026,"PL*HOAPAYMENT    WEB PMTS   1VMMK8          WEB ID: 9000414133",-85.00,ACH_DEBIT,8485.00,,
DEBIT,03/03/2026,"Zelle payment to New Lil Bro JPM99c7qbl9n",-4.61,CHASE_TO_PARTNERFI,8570.00,,
DEBIT,03/02/2026,"DUTCHBROS.COFFEE APPS.APPLE.CO OR            02/28",-15.40,DEBIT_CARD,8574.61,,
DEBIT,03/02/2026,"LAKEVIEW LN SRV  MTG PYMT   0046359691      WEB ID: 1541322890",-1227.99,ACH_DEBIT,8590.01,,
DEBIT,02/27/2026,"Zelle payment to New Lil Bro JPM99c75q397",-20.33,CHASE_TO_PARTNERFI,9818.00,,
CREDIT,02/27/2026,"INTEL CORPORATIO DIRDEP                     PPD ID: 1941672743",1117.00,ACH_CREDIT,9838.33,,
DEBIT,02/23/2026,"ORBITEL COMMUNICATION 520-568-8890 AZ        02/22",-72.82,DEBIT_CARD,8721.33,,
DEBIT,02/20/2026,"LOY*NEXTCAREURGENTCAR 888-705-8558 AZ        02/19",-135.85,DEBIT_CARD,8794.15,,
DEBIT,02/17/2026,"Zelle payment to New Lil Bro JPM99c5zvb5z",-19.35,CHASE_TO_PARTNERFI,8930.00,,
DEBIT,02/17/2026,"DUTCHBROS.COFFEE APPS.APPLE.CO OR            02/15",-11.58,DEBIT_CARD,8949.35,,
DEBIT,02/17/2026,"Zelle payment to New Lil Bro JPM99c5sii62",-50.00,CHASE_TO_PARTNERFI,8960.93,,
CREDIT,02/17/2026,"INTEL CORPORATIO DIRDEP                     PPD ID: 1941672743",1117.00,ACH_CREDIT,9010.93,,
DEBIT,02/13/2026,"ATM WITHDRAWAL                       002653  02/12228 W CHA",-300.00,ATM,7893.93,,
CREDIT,02/13/2026,"INTEL CORPORATIO DIRDEP                     PPD ID: 1941672743",1117.00,ACH_CREDIT,8193.93,,
DEBIT,02/12/2026,"PAYMENTUS CORP 980-272-3788 NC               02/11",-3.64,DEBIT_CARD,7076.93,,
DEBIT,02/12/2026,"GLOBAL WATER RESOURCE 512-696-2245 TX        02/11",-130.13,DEBIT_CARD,7080.57,,
DEBIT,02/09/2026,"Zelle payment to Vane JPM99c54jsn0",-60.00,CHASE_TO_PARTNERFI,7210.70,,
DEBIT,02/06/2026,"CPI*CANTEEN VENDING P 800-628-8363 AZ        02/05",-1.35,DEBIT_CARD,7270.70,,
DEBIT,02/04/2026,"PL*PAYLEASE      WEB PMTS   S7CMG8          WEB ID: 9000287225",-2.95,ACH_DEBIT,7272.05,,
DEBIT,02/04/2026,"PL*HOAPAYMENT    WEB PMTS   3CDMG8          WEB ID: 9000414133",-85.00,ACH_DEBIT,7275.00,,
DEBIT,02/04/2026,"MDC*ELECTRICAL DIST 3 520-4249021 AZ         02/03",-150.00,DEBIT_CARD,7360.00,,
DEBIT,02/02/2026,"Zelle payment to New Lil Bro JPM99c460rny",-436.00,CHASE_TO_PARTNERFI,7510.00,,
DEBIT,02/02/2026,"Zelle payment to New Lil Bro JPM99c40uj67",-5.58,CHASE_TO_PARTNERFI,7946.00,,
DEBIT,02/02/2026,"Zelle payment to New Lil Bro JPM99c40p7ax",-201.00,CHASE_TO_PARTNERFI,7951.58,,
DEBIT,02/02/2026,"LAKEVIEW LN SRV  MTG PYMT   0046359691      WEB ID: 1541322890",-1221.29,ACH_DEBIT,8152.58,,
CREDIT,02/02/2026,"INTEL CORPORATIO DIRDEP                     PPD ID: 1941672743",309.26,ACH_CREDIT,9373.87,,
CREDIT,02/02/2026,"Zelle payment from Cristian Zamora COF57OWRJ1Y6",500.00,PARTNERFI_TO_CHASE,9064.61,,
CREDIT,01/30/2026,"INTEL CORPORATIO DIRDEP                     PPD ID: 1941672743",1117.00,ACH_CREDIT,8564.61,,
DEBIT,01/26/2026,"DUTCHBROS.COFFEE APPS.APPLE.CO OR            01/24",-7.26,DEBIT_CARD,7447.61,,
DEBIT,01/23/2026,"ATM WITHDRAWAL                       009043  01/23228 W CHA",-100.00,ATM,7454.87,,
DEBIT,01/23/2026,"ATM WITHDRAWAL                       009041  01/23228 W CHA",-200.00,ATM,7554.87,,
DEBIT,01/22/2026,"RING MULTI PLAN RING.COM CA                  01/22",-109.19,DEBIT_CARD,7754.87,,
DEBIT,01/21/2026,"Payment to Chase card ending in 7956 01/21",-566.05,LOAN_PMT,7864.06,,
DEBIT,01/21/2026,"Zelle payment to Vane JPM99c2tlj5e",-240.00,CHASE_TO_PARTNERFI,8430.11,,
DEBIT,01/20/2026,"ORBITEL COMMUNICATION 520-568-8890 AZ        01/20",-72.82,DEBIT_CARD,8670.11,,
DEBIT,01/20/2026,"Zelle payment to Vane JPM99c2mev32",-1.00,CHASE_TO_PARTNERFI,8742.93,,
DEBIT,01/20/2026,"WITHDRAWAL 01/20",-40.00,MISC_DEBIT,8743.93,,
CREDIT,01/16/2026,"INTEL CORPORATIO DIRDEP                     PPD ID: 1941672743",1117.00,ACH_CREDIT,8783.93,,
DEBIT,01/15/2026,"Zelle payment to Kikis Business Account JPM99c22z191",-500.00,CHASE_TO_PARTNERFI,7666.93,,
DEBIT,01/15/2026,"Zelle payment to New Lil Bro JPM99c220gwd",-20.00,CHASE_TO_PARTNERFI,8166.93,,
CREDIT,01/13/2026,"INTEL CORPORATIO PAYMENT                    PPD ID: 1900003687",271.05,ACH_CREDIT,8186.93,,
CREDIT,01/13/2026,"INTEL CORPORATIO PAYMENT                    PPD ID: 1900003687",295.00,ACH_CREDIT,7915.88,,
DEBIT,01/12/2026,"Zelle payment to joker  27677698282",-100.00,QUICKPAY_DEBIT,7620.88,,
DEBIT,01/12/2026,"PAYMENTUS CORP 980-272-3788 NC               01/11",-3.01,DEBIT_CARD,7720.88,,
DEBIT,01/12/2026,"GLOBAL WATER RESOURCE 512-696-2245 TX        01/11",-107.59,DEBIT_CARD,7723.89,,
DEBIT,01/12/2026,"BARROS PIZZA - W SMIT 520-494-7777 AZ        01/10",-50.00,DEBIT_CARD,7831.48,,
DEBIT,01/09/2026,"WITHDRAWAL 01/09",-300.00,MISC_DEBIT,7881.48,,
DEBIT,01/06/2026,"PL*PAYLEASE      WEB PMTS   1QR9C8          WEB ID: 9000287225",-2.95,ACH_DEBIT,8181.48,,
DEBIT,01/06/2026,"PL*HOAPAYMENT    WEB PMTS   3SVGC8          WEB ID: 9000414133",-85.00,ACH_DEBIT,8184.43,,
DEBIT,01/02/2026,"Zelle payment to New Lil Bro JPM99c0p52jn",-20.00,CHASE_TO_PARTNERFI,8269.43,,
DEBIT,01/02/2026,"LAKEVIEW LN SRV  MTG PYMT   0046359691      WEB ID: 1541322890",-1221.29,ACH_DEBIT,8289.43,,
CREDIT,01/02/2026,"INTEL CORPORATIO DIRDEP                     PPD ID: 1941672743",1117.00,ACH_CREDIT,9510.72,,
DEBIT,12/30/2025,"ATM WITHDRAWAL                       001511  12/30228 W CHA",-300.00,ATM,8393.72,,
DEBIT,12/24/2025,"Zelle payment to Juan JPM99bzl3fco",-120.00,CHASE_TO_PARTNERFI,8693.72,,
DEBIT,12/22/2025,"AZ LOT CIRCLE K 3033 W CHANDLER AZ   671562  12/22",-90.00,DEBIT_CARD,8813.72,,
DEBIT,12/22/2025,"ORBITEL COMMUNICATION 520-568-8890 AZ        12/21",-72.82,DEBIT_CARD,8903.72,,
DEBIT,12/22/2025,"SQ *DAWNA TAYLOR STYLIS MARICOPA AZ          12/19",-66.00,DEBIT_CARD,8976.54,,
CREDIT,12/19/2025,"INTEL CORPORATIO DIRDEP                     PPD ID: 1941672743",1117.00,ACH_CREDIT,9042.54,,
DEBIT,12/18/2025,"WCI*RAD EAST VALLEY 480-983-9101 AZ          12/17",-61.26,DEBIT_CARD,7925.54,,
DEBIT,12/17/2025,"Zelle payment to Tio Roy JPM99byscskm",-1560.00,CHASE_TO_PARTNERFI,7986.80,,
DEBIT,12/17/2025,"Zelle payment to Tio Roy JPM99bysbkvi",-1.00,CHASE_TO_PARTNERFI,9546.80,,
DEBIT,12/12/2025,"ROSS STORES #617 PEORIA AZ                   12/11",-4.31,DEBIT_CARD,9547.80,,
DEBIT,12/12/2025,"ROSS STORES #617 PEORIA AZ                   12/11",-168.51,DEBIT_CARD,9552.11,,
DEBIT,12/12/2025,"WINGSTOP 2175 928-216-4396 AZ                12/11",-34.28,DEBIT_CARD,9720.62,,
DEBIT,12/12/2025,"JACK IN THE BOX 1522 623-872-1375 AZ         12/12",-10.12,DEBIT_CARD,9754.90,,
DEBIT,12/12/2025,"PAYMENTUS CORP 980-272-3788 NC               12/11",-3.03,DEBIT_CARD,9765.02,,
DEBIT,12/12/2025,"GLOBAL WATER RESOURCE 512-696-2245 TX        12/11",-108.37,DEBIT_CARD,9768.05,,
DEBIT,12/10/2025,"WWW.BLUE32* BLUE 32 BLUE32SPORTSG AZ         12/10",-38.89,DEBIT_CARD,9876.42,,
CREDIT,12/10/2025,"Zelle payment from GLORIA FERNANDEZ 27278005783",600.00,QUICKPAY_CREDIT,9915.31,,
CREDIT,12/05/2025,"INTEL CORPORATIO DIRDEP                     PPD ID: 1941672743",1117.00,ACH_CREDIT,9315.31,,
DEBIT,12/04/2025,"PL*PAYLEASE      WEB PMTS   48C488          WEB ID: 9000287225",-2.95,ACH_DEBIT,8198.31,,
DEBIT,12/04/2025,"PL*HOAPAYMENT    WEB PMTS   H8F488          WEB ID: 9000414133",-85.00,ACH_DEBIT,8201.26,,
DEBIT,12/02/2025,"ATM WITHDRAWAL                       001387  12/02228 W CHA",-300.00,ATM,8286.26,,
DEBIT,12/01/2025,"LAKEVIEW LN SRV  MTG PYMT   0046359691      WEB ID: 1541322890",-1221.29,ACH_DEBIT,8586.26,,
DEBIT,11/24/2025,"DUTCHBROS.COFFEE APPS.APPLE.CO OR            11/22",-21.13,DEBIT_CARD,9807.55,,
CREDIT,11/21/2025,"INTEL CORPORATIO DIRDEP                     PPD ID: 1941672743",1117.00,ACH_CREDIT,9828.68,,
DEBIT,11/20/2025,"ORBITEL COMMUNICATION 520-568-8890 AZ        11/20",-72.82,DEBIT_CARD,8711.68,,
DEBIT,11/20/2025,"DUTCHBROS.COFFEE APPS.APPLE.CO OR            11/20",-12.06,DEBIT_CARD,8784.50,,
CREDIT,11/18/2025,"Zelle payment from SIMPLE WRAPZ LLC WFCT0ZHNSQRK",1.00,PARTNERFI_TO_CHASE,8796.56,,
CREDIT,11/18/2025,"Zelle payment from SIMPLE WRAPZ LLC WFCT0ZHNSRM6",3500.00,PARTNERFI_TO_CHASE,8795.56,,
DEBIT,11/12/2025,"PAYMENTUS CORP 980-272-3788 NC               11/11",-3.03,DEBIT_CARD,5295.56,,
DEBIT,11/12/2025,"GLOBAL WATER RESOURCE 512-696-2245 TX        11/11",-108.18,DEBIT_CARD,5298.59,,
CREDIT,11/07/2025,"INTEL CORPORATIO DIRDEP                     PPD ID: 1941672743",1117.00,ACH_CREDIT,5406.77,,
DEBIT,11/06/2025,"Zelle payment to joker  26865359488",-300.00,QUICKPAY_DEBIT,4289.77,,
DEBIT,11/06/2025,"Zelle payment to joker  26865320584",-1.00,QUICKPAY_DEBIT,4589.77,,
DEBIT,11/06/2025,"MDC*ELECTRICAL DIST 3 520-4249021 AZ         11/05",-300.00,DEBIT_CARD,4590.77,,
DEBIT,11/04/2025,"PL*PAYLEASE      WEB PMTS   QGGX48          WEB ID: 9000287225",-2.95,ACH_DEBIT,4890.77,,
DEBIT,11/04/2025,"PL*HOAPAYMENT    WEB PMTS   FNRX48          WEB ID: 9000414133",-85.00,ACH_DEBIT,4893.72,,
DEBIT,11/03/2025,"LAKEVIEW LN SRV  MTG PYMT   0046359691      WEB ID: 1541322890",-1221.29,ACH_DEBIT,4978.72,,
DEBIT,10/30/2025,"TACO BELL 741069 MARICOPA AZ                 10/29",-35.03,DEBIT_CARD,6200.01,,
CREDIT,10/29/2025,"INTEL CORPORATIO DIRDEP                     PPD ID: 1941672743",521.91,ACH_CREDIT,6235.04,,
DEBIT,10/28/2025,"ATM WITHDRAWAL                       003615  10/279538 E RI",-200.00,ATM,5713.13,,
DEBIT,10/24/2025,"WENDY'S 12524 MARICOPA AZ                    10/24",-23.79,DEBIT_CARD,5913.13,,
CREDIT,10/24/2025,"INTEL CORPORATIO DIRDEP                     PPD ID: 1941672743",1117.00,ACH_CREDIT,5936.92,,
DEBIT,10/21/2025,"ORBITEL COMMUNICATION 520-568-8890 AZ        10/21",-62.82,DEBIT_CARD,4819.92,,
DEBIT,10/17/2025,"1ST CLASS TOBACCO GLENDALE AZ                10/16",-44.99,DEBIT_CARD,4882.74,,
DEBIT,10/14/2025,"FID BKG SVC LLC  MONEYLINE  Z52137383 EOQCC WEB ID: 1035141383",-1000.00,MISC_DEBIT,4927.73,,
DEBIT,10/14/2025,"Zelle payment to Armando 26569180111",-30.00,QUICKPAY_DEBIT,5927.73,,
DEBIT,10/14/2025,"Zelle payment to Armando 26569179505",-1.00,QUICKPAY_DEBIT,5957.73,,
DEBIT,10/14/2025,"CIRCLE K 09183 CHANDLER AZ                   10/12",-31.27,DEBIT_CARD,5958.73,,
DEBIT,10/14/2025,"Zelle payment to New Lil Bro JPM99bqniut9",-4.40,CHASE_TO_PARTNERFI,5990.00,,
DEBIT,10/14/2025,"PAYMENTUS CORP 980-272-3788 NC               10/11",-3.01,DEBIT_CARD,5994.40,,
DEBIT,10/14/2025,"GLOBAL WATER RESOURCE 512-696-2245 TX        10/11",-107.40,DEBIT_CARD,5997.41,,
CREDIT,10/10/2025,"INTEL CORPORATIO DIRDEP                     PPD ID: 1941672743",1117.00,ACH_CREDIT,6104.81,,
DEBIT,10/09/2025,"JACK IN THE BOX 1544 520-568-1943 AZ         10/09",-12.95,DEBIT_CARD,4987.81,,
DEBIT,10/07/2025,"Zelle payment to Juan JPM99bq0t0ba",-130.00,CHASE_TO_PARTNERFI,5000.76,,
DEBIT,10/06/2025,"PL*PAYLEASE      WEB PMTS   L7Q128          WEB ID: 9000287225",-2.95,ACH_DEBIT,5130.76,,
DEBIT,10/06/2025,"PL*HOAPAYMENT    WEB PMTS   XXT128          WEB ID: 9000414133",-85.00,ACH_DEBIT,5133.71,,
DEBIT,10/01/2025,"LAKEVIEW LN SRV  MTG PYMT   0046359691      WEB ID: 1541322890",-1221.29,ACH_DEBIT,5218.71,,
DEBIT,10/01/2025,"Zelle payment to New Lil Bro JPM99bp6jnpf",-21.38,CHASE_TO_PARTNERFI,6440.00,,
DEBIT,09/29/2025,"ATM WITHDRAWAL                       008212  09/299538 E RI",-400.00,ATM,6461.38,,
CREDIT,09/26/2025,"INTEL CORPORATIO DIRDEP                     PPD ID: 1941672743",1117.00,ACH_CREDIT,6861.38,,
DEBIT,09/24/2025,"TACO BELL 741069 MARICOPA AZ                 09/23",-25.46,DEBIT_CARD,5744.38,,
DEBIT,09/23/2025,"Zelle payment to New Lil Bro JPM99bo93h4j",-15.00,CHASE_TO_PARTNERFI,5769.84,,
DEBIT,09/18/2025,"Zelle payment to Kiki JPM99bnq0fdv",-3000.00,CHASE_TO_PARTNERFI,5784.84,,
DEBIT,09/18/2025,"Zelle payment to Kiki JPM99bnpzpi8",-1.00,CHASE_TO_PARTNERFI,8784.84,,
DEBIT,09/18/2025,"WCI*RAD EAST VALLEY 480-983-9101 AZ          09/17",-61.26,DEBIT_CARD,8785.84,,
DEBIT,09/15/2025,"NON-CHASE ATM FEE-WITH",-3.00,FEE_TRANSACTION,8847.10,,
DEBIT,09/15/2025,"Zelle payment to New Lil Bro JPM99bn7wzvt",-10.00,CHASE_TO_PARTNERFI,8850.10,,
DEBIT,09/15/2025,"NON-CHASE ATM WITHDRAW               008722  09/1326427 S A",-303.00,ATM,8860.10,,
DEBIT,09/12/2025,"PAYMENTUS CORP 980-272-3788 NC               09/11",-3.01,DEBIT_CARD,9163.10,,
DEBIT,09/12/2025,"GLOBAL WATER RESOURCE 512-696-2245 TX        09/11",-107.44,DEBIT_CARD,9166.11,,
CREDIT,09/12/2025,"INTEL CORPORATIO DIRDEP                     PPD ID: 1941672743",1117.00,ACH_CREDIT,9273.55,,
DEBIT,09/11/2025,"ORBITEL COMMUNICATION 520-568-8890 AZ        09/10",-236.28,DEBIT_CARD,8156.55,,
DEBIT,09/10/2025,"MDC*ELECTRICAL DIST 3 520-4249021 AZ         09/09",-300.00,DEBIT_CARD,8392.83,,
DEBIT,09/10/2025,"MDC*ELECTRICAL DIST 3 520-4249021 AZ         09/09",-19.47,DEBIT_CARD,8692.83,,
CREDIT,09/05/2025,"INTEL CORPORATIO DIRDEP                     PPD ID: 1941672743",12.89,ACH_CREDIT,8712.30,,
DEBIT,09/04/2025,"PL*PAYLEASE      WEB PMTS   47TWY7          WEB ID: 9000287225",-2.95,ACH_DEBIT,8699.41,,
DEBIT,09/04/2025,"PL*HOAPAYMENT    WEB PMTS   YJVWY7          WEB ID: 9000414133",-85.00,ACH_DEBIT,8702.36,,
DEBIT,09/04/2025,"TACO BELL 741069 MARICOPA AZ                 09/03",-32.64,DEBIT_CARD,8787.36,,
DEBIT,09/03/2025,"Zelle payment to New Lil Bro JPM99bltdfyu",-20.36,CHASE_TO_PARTNERFI,8820.00,,
DEBIT,09/02/2025,"WINGSTOP 0422 480-592-9464 AZ                08/31",-29.35,DEBIT_CARD,8840.36,,
DEBIT,09/02/2025,"LAKEVIEW LN SRV  MTG PYMT   0046359691      WEB ID: 1541322890",-1221.29,ACH_DEBIT,8869.71,,
DEBIT,08/29/2025,"NON-CHASE ATM FEE-WITH",-3.00,FEE_TRANSACTION,10091.00,,
DEBIT,08/29/2025,"NON-CHASE ATM WITHDRAW               007760  08/2926427 S A",-103.00,ATM,10094.00,,
CREDIT,08/29/2025,"INTEL CORPORATIO DIRDEP                     PPD ID: 1941672743",1117.00,ACH_CREDIT,10197.00,,
DEBIT,08/26/2025,"Zelle payment to New Lil Bro JPM99bkskr4i",-2.55,CHASE_TO_PARTNERFI,9080.00,,
DEBIT,08/25/2025,"TACO BELL 741069 MARICOPA AZ                 08/23",-32.45,DEBIT_CARD,9082.55,,
CREDIT,08/21/2025,"Zelle payment from ISMAEL GUTIERREZ BACukeck4255",200.00,PARTNERFI_TO_CHASE,9115.00,,
DEBIT,08/18/2025,"Zelle payment to New Lil Bro JPM99bjv0qbj",-17.80,CHASE_TO_PARTNERFI,8915.00,,
CREDIT,08/15/2025,"INTEL CORPORATIO DIRDEP                     PPD ID: 1941672743",1117.00,ACH_CREDIT,8932.80,,
DEBIT,08/14/2025,"JACK IN THE BOX 1561 623-936-1801 AZ         08/14",-39.12,DEBIT_CARD,7815.80,,
DEBIT,08/12/2025,"ATM WITHDRAWAL                       002354  08/121025 W QU",-200.00,ATM,7854.92,,
DEBIT,08/12/2025,"PAYMENTUS CORP 980-272-3788 NC               08/11",-3.02,DEBIT_CARD,8054.92,,
DEBIT,08/12/2025,"GLOBAL WATER RESOURCE 512-696-2245 TX        08/11",-107.87,DEBIT_CARD,8057.94,,
CREDIT,08/12/2025,"Zelle payment from JOSE ZAMORA WFCT0Z5GLJWQ",1.00,PARTNERFI_TO_CHASE,8165.81,,
CREDIT,08/12/2025,"Zelle payment from JOSE ZAMORA WFCT0Z5GLYXX",3499.00,PARTNERFI_TO_CHASE,8164.81,,
DEBIT,08/11/2025,"Zelle payment to Chuche JPM99bj2fcyj",-1500.00,CHASE_TO_PARTNERFI,4665.81,,
DEBIT,08/11/2025,"Zelle payment to Armando 25808477598",-50.00,QUICKPAY_DEBIT,6165.81,,
DEBIT,08/11/2025,"Zelle payment to Armando 25808504530",-1.00,QUICKPAY_DEBIT,6215.81,,
DEBIT,08/11/2025,"Zelle payment to Chuche JPM99bj0kt4i",-1999.00,CHASE_TO_PARTNERFI,6216.81,,
DEBIT,08/11/2025,"Zelle payment to Chuche JPM99bj0jx2x",-1.00,CHASE_TO_PARTNERFI,8215.81,,
DEBIT,08/11/2025,"Zelle payment to New Lil Bro JPM99bixmo7n",-200.00,CHASE_TO_PARTNERFI,8216.81,,
DEBIT,08/11/2025,"DD *STARBUCKS DOORDASH.COM CA                08/10",-28.20,DEBIT_CARD,8416.81,,
DEBIT,08/07/2025,"MDC*ELECTRICAL DIST 3 520-4249021 AZ         08/06",-300.00,DEBIT_CARD,8445.01,,
DEBIT,08/05/2025,"PL*PAYLEASE      WEB PMTS   C90PV7          WEB ID: 9000287225",-2.95,ACH_DEBIT,8745.01,,
DEBIT,08/05/2025,"PL*HOAPAYMENT    WEB PMTS   2CMSV7          WEB ID: 9000414133",-85.00,ACH_DEBIT,8747.96,,
DEBIT,08/01/2025,"LAKEVIEW LN SRV  MTG PYMT   0046359691      WEB ID: 1541322890",-1221.29,ACH_DEBIT,8832.96,,
DEBIT,08/01/2025,"WINGSTOP 1442 602-840-9464 AZ                07/31",-75.84,DEBIT_CARD,10054.25,,
CREDIT,08/01/2025,"INTEL CORPORATIO DIRDEP                     PPD ID: 1941672743",1117.00,ACH_CREDIT,10130.09,,
DEBIT,07/31/2025,"SONIC DRIVE IN #5697 520-494-2000 AZ         07/30",-21.91,DEBIT_CARD,9013.09,,
DEBIT,07/30/2025,"Zelle payment to New Lil Bro JPM99bhhgjyj",-30.81,CHASE_TO_PARTNERFI,9035.00,,
DEBIT,07/28/2025,"APPLE CASH SENT MONE 1INFINITELOOP CA        07/27",-94.09,DEBIT_CARD,9065.81,,
DEBIT,07/24/2025,"TACO BELL 741069 MARICOPA AZ                 07/24",-42.15,DEBIT_CARD,9159.90,,
DEBIT,07/24/2025,"ATM WITHDRAWAL                       005830  07/239538 E RI",-200.00,ATM,9202.05,,
CREDIT,07/18/2025,"INTEL CORPORATIO DIRDEP                     PPD ID: 1941672743",1117.00,ACH_CREDIT,9402.05,,
DEBIT,07/14/2025,"Zelle payment to New Lil Bro JPM99bfo4aoh",-100.00,CHASE_TO_PARTNERFI,8285.05,,
DEBIT,07/14/2025,"PAYMENTUS CORP 980-272-3788 NC               07/11",-3.03,DEBIT_CARD,8385.05,,
DEBIT,07/14/2025,"GLOBAL WATER RESOURCE 512-696-2245 TX        07/11",-108.27,DEBIT_CARD,8388.08,,
DEBIT,07/08/2025,"Zelle payment to New Lil Bro JPM99bey7lv8",-10.00,CHASE_TO_PARTNERFI,8496.35,,
DEBIT,07/07/2025,"PL*PAYLEASE      WEB PMTS   YZZQR7          WEB ID: 9000287225",-2.95,ACH_DEBIT,8506.35,,
DEBIT,07/07/2025,"PL*HOAPAYMENT    WEB PMTS   300RR7          WEB ID: 9000414133",-85.00,ACH_DEBIT,8509.30,,
CREDIT,07/03/2025,"INTEL CORPORATIO DIRDEP                     PPD ID: 1941672743",1117.00,ACH_CREDIT,8594.30,,
DEBIT,07/02/2025,"MDC*ELECTRICAL DIST 3 520-4249021 AZ         07/01",-300.00,DEBIT_CARD,7477.30,,
DEBIT,07/01/2025,"LAKEVIEW LN SRV  MTG PYMT   0046359691      WEB ID: 1541322890",-1221.29,ACH_DEBIT,7777.30,,
CREDIT,06/25/2025,"Zelle payment from GLORIA FERNANDEZ 25253624510",600.00,QUICKPAY_CREDIT,8998.59,,
DEBIT,06/23/2025,"ORBITEL COMMUNICATION 520-568-8890 AZ        06/20",-75.00,DEBIT_CARD,8398.59,,
DEBIT,06/20/2025,"WCI*RAD EAST VALLEY 480-983-9101 AZ          06/18",-61.26,DEBIT_CARD,8473.59,,
CREDIT,06/20/2025,"INTEL CORPORATIO DIRDEP                     PPD ID: 1941672743",1117.00,ACH_CREDIT,8534.85,,
DEBIT,06/13/2025,"Zelle payment to Juan JPM99bc1bill",-80.00,CHASE_TO_PARTNERFI,7417.85,,
DEBIT,06/12/2025,"PAYMENTUS CORP 980-272-3788 NC               06/11",-3.02,DEBIT_CARD,7497.85,,
DEBIT,06/12/2025,"GLOBAL WATER RESOURCE 512-696-2245 TX        06/11",-107.88,DEBIT_CARD,7500.87,,
DEBIT,06/09/2025,"Zelle payment to New Lil Bro JPM99bbixq7o",-30.00,CHASE_TO_PARTNERFI,7608.75,,
CREDIT,06/06/2025,"INTEL CORPORATIO DIRDEP                     PPD ID: 1941672743",1117.00,ACH_CREDIT,7638.75,,
DEBIT,06/04/2025,"PL*PAYLEASE      WEB PMTS   PX3HN7          WEB ID: 9000287225",-2.95,ACH_DEBIT,6521.75,,
DEBIT,06/04/2025,"PL*HOAPAYMENT    WEB PMTS   RX3HN7          WEB ID: 9000414133",-85.00,ACH_DEBIT,6524.70,,
DEBIT,06/02/2025,"MDC*ELECTRICAL DIST 3 520-4249021 AZ         05/31",-129.63,DEBIT_CARD,6609.70,,
DEBIT,06/02/2025,"LAKEVIEW LN SRV  MTG PYMT   0046359691      WEB ID: 1541322890",-1221.29,ACH_DEBIT,6739.33,,
DEBIT,06/02/2025,"TACO BELL 741069 MARICOPA AZ                 05/31",-33.38,DEBIT_CARD,7960.62,,
DEBIT,05/30/2025,"NON-CHASE ATM FEE-WITH",-3.00,FEE_TRANSACTION,7994.00,,
DEBIT,05/30/2025,"NON-CHASE ATM WITHDRAW               007270  05/3017006 S W",-303.00,ATM,7997.00,,
DEBIT,05/27/2025,"Zelle payment to New Lil Bro JPM99b9s6uao",-7.93,CHASE_TO_PARTNERFI,8300.00,,
DEBIT,05/27/2025,"ORBITEL COMMUNICATION 520-568-8890 AZ        05/23",-72.82,DEBIT_CARD,8307.93,,
DEBIT,05/23/2025,"LOY*NEXTCAREURGENTCAR 888-705-8558 AZ        05/21",-278.72,DEBIT_CARD,8380.75,,
CREDIT,05/23/2025,"INTEL CORPORATIO DIRDEP                     PPD ID: 1941672743",1117.00,ACH_CREDIT,8659.47,,
DEBIT,05/21/2025,"TST* FOREFATHERS CHEE 480-662-2123 AZ        05/21",-24.05,DEBIT_CARD,7542.47,,
DEBIT,05/19/2025,"TACO BELL 741069 MARICOPA AZ                 05/18",-32.26,DEBIT_CARD,7566.52,,
DEBIT,05/16/2025,"DUTCHBROS.COFFEE APPS.APPLE.CO OR            05/16",-12.07,DEBIT_CARD,7598.78,,
DEBIT,05/12/2025,"PAYMENTUS CORP 980-272-3788 NC               05/11",-3.04,DEBIT_CARD,7610.85,,
DEBIT,05/12/2025,"GLOBAL WATER RESOURCE 512-696-2245 TX        05/11",-108.48,DEBIT_CARD,7613.89,,
DEBIT,05/12/2025,"Zelle payment to New Lil Bro JPM99b82lu9w",-20.00,CHASE_TO_PARTNERFI,7722.37,,
DEBIT,05/12/2025,"RAISING CANES 0443 MO 972-769-3100 AZ        05/11",-29.27,DEBIT_CARD,7742.37,,
DEBIT,05/12/2025,"COCA COLA TEMPE AZ TEMPE AZ                  05/09",-4.50,DEBIT_CARD,7771.64,,
DEBIT,05/09/2025,"365 Market  888 432-329 TROY MI              05/08",-4.69,DEBIT_CARD,7776.14,,
DEBIT,05/09/2025,"OC6 CAFE CHANDLER AZ                         05/08",-6.96,DEBIT_CARD,7780.83,,
CREDIT,05/09/2025,"INTEL CORPORATIO DIRDEP                     PPD ID: 1941672743",1117.00,ACH_CREDIT,7787.79,,
DEBIT,05/07/2025,"NON-CHASE ATM FEE-WITH",-3.00,FEE_TRANSACTION,6670.79,,
DEBIT,05/07/2025,"NON-CHASE ATM WITHDRAW               008067  05/0717006 S W",-303.00,ATM,6673.79,,
DEBIT,05/06/2025,"PL*PAYLEASE      WEB PMTS   9J1DK7          WEB ID: 9000287225",-2.95,ACH_DEBIT,6976.79,,
DEBIT,05/06/2025,"PL*HOAPAYMENT    WEB PMTS   HWKJK7          WEB ID: 9000414133",-85.00,ACH_DEBIT,6979.74,,
DEBIT,05/01/2025,"LAKEVIEW LN SRV  MTG PYMT   0046359691      WEB ID: 1541322890",-1221.29,ACH_DEBIT,7064.74,,
CREDIT,04/30/2025,"INTEL CORPORATIO DIRDEP                     PPD ID: 1941672743",264.15,ACH_CREDIT,8286.03,,
DEBIT,04/28/2025,"Zelle payment to VAESSA JPM99b6h23gb",-200.00,CHASE_TO_PARTNERFI,8021.88,,
DEBIT,04/28/2025,"Zelle payment to VAESSA JPM99b6h144t",-1.00,CHASE_TO_PARTNERFI,8221.88,,
DEBIT,04/28/2025,"DOMINO'S 7690 MARICOPA AZ                    04/26",-41.26,DEBIT_CARD,8222.88,,
CREDIT,04/25/2025,"INTEL CORPORATIO DIRDEP                     PPD ID: 1941672743",1117.00,ACH_CREDIT,8264.14,,
DEBIT,04/23/2025,"MDC*ELECTRICAL DIST 3 520-4249021 AZ         04/22",-300.00,DEBIT_CARD,7147.14,,
DEBIT,04/22/2025,"Zelle payment to New Lil Bro JPM99b5qaz7q",-40.00,CHASE_TO_PARTNERFI,7447.14,,
DEBIT,04/22/2025,"TST* FOREFATHERS CHEE 480-662-2123 AZ        04/22",-25.40,DEBIT_CARD,7487.14,,
DEBIT,04/21/2025,"ORBITEL COMMUNICATION 520-568-8890 AZ        04/20",-72.82,DEBIT_CARD,7512.54,,
DEBIT,04/17/2025,"TACO BELL 741069 MARICOPA AZ                 04/16",-17.25,DEBIT_CARD,7585.36,,
DEBIT,04/16/2025,"WINGSTOP 0422 210-298-3416 AZ                04/15",-19.09,DEBIT_CARD,7602.61,,
DEBIT,04/15/2025,"Payment to Chase card ending in 7956 04/15",-1239.15,LOAN_PMT,7621.70,,
DEBIT,04/14/2025,"ATM WITHDRAWAL                       009601  04/1421650 N J",-100.00,ATM,8860.85,,
DEBIT,04/14/2025,"INTEL OC8 CAFE CHANDLER AZ                   04/12",-7.18,DEBIT_CARD,8960.85,,
DEBIT,04/14/2025,"ACI*AMERICANHONDAFINC 800-252-9638 NE        04/11",-523.77,DEBIT_CARD,8968.03,,
DEBIT,04/14/2025,"PAYMENTUS CORP 980-272-3788 NC               04/11",-3.03,DEBIT_CARD,9491.80,,
DEBIT,04/14/2025,"GLOBAL WATER RESOURCE 512-696-2245 TX        04/11",-108.15,DEBIT_CARD,9494.83,,
CREDIT,04/11/2025,"INTEL CORPORATIO DIRDEP                     PPD ID: 1941672743",1117.00,ACH_CREDIT,9602.98,,
DEBIT,04/07/2025,"TACO BELL 741069 MARICOPA AZ                 04/05",-32.89,DEBIT_CARD,8485.98,,
DEBIT,04/04/2025,"PL*PAYLEASE      WEB PMTS   2QB3G7          WEB ID: 9000287225",-2.95,ACH_DEBIT,8518.87,,
DEBIT,04/04/2025,"PL*HOAPAYMENT    WEB PMTS   YPN3G7          WEB ID: 9000414133",-85.00,ACH_DEBIT,8521.82,,
DEBIT,04/02/2025,"Zelle payment to Juan JPM99b3g48lw",-80.00,CHASE_TO_PARTNERFI,8606.82,,
DEBIT,04/02/2025,"COBBLESTO 2021 S ALMA CHANDLER AZ            04/01",-30.00,DEBIT_CARD,8686.82,,
DEBIT,04/02/2025,"TST* FOREFATHERS CHEE 480-662-2123 AZ        04/02",-28.65,DEBIT_CARD,8716.82,,
DEBIT,04/02/2025,"WALGREENS #21293 520-635-2334 AZ             04/01",-42.63,DEBIT_CARD,8745.47,,
DEBIT,04/01/2025,"Zelle payment to Bestfriend 24253910220",-25.00,QUICKPAY_DEBIT,8788.10,,
DEBIT,04/01/2025,"LAKEVIEW LN SRV  MTG PYMT   0046359691      WEB ID: 1541322890",-1221.29,ACH_DEBIT,8813.10,,
DEBIT,03/31/2025,"Zelle payment to New Lil Bro JPM99b35fm5w",-23.00,CHASE_TO_PARTNERFI,10034.39,,
DEBIT,03/31/2025,"TACO BELL 741069 MARICOPA AZ                 03/28",-29.31,DEBIT_CARD,10057.39,,
DEBIT,03/31/2025,"THE HOME DEPOT #0432 520-607-5500 AZ         03/28",-190.66,DEBIT_CARD,10086.70,,
CREDIT,03/28/2025,"INTEL CORPORATIO DIRDEP                     PPD ID: 1941672743",1117.00,ACH_CREDIT,10277.36,,
DEBIT,03/25/2025,"TST* FOREFATHERS CHEE 480-662-2123 AZ        03/25",-28.65,DEBIT_CARD,9160.36,,
DEBIT,03/24/2025,"TACO BELL 741069 MARICOPA AZ                 03/23",-24.84,DEBIT_CARD,9189.01,,
DEBIT,03/21/2025,"ORBITEL COMMUNICATION 520-568-8890 AZ        03/21",-72.82,DEBIT_CARD,9213.85,,
DEBIT,03/20/2025,"NON-CHASE ATM FEE-WITH",-3.00,FEE_TRANSACTION,9286.67,,
DEBIT,03/20/2025,"NON-CHASE ATM WITHDRAW               001998  03/2017006 S W",-203.00,ATM,9289.67,,
DEBIT,03/20/2025,"WCI*RAD EAST VALLEY 480-983-9101 AZ          03/19",-58.23,DEBIT_CARD,9492.67,,
DEBIT,03/19/2025,"COBBLESTO 2021 S ALMA CHANDLER AZ            03/18",-70.00,DEBIT_CARD,9550.90,,
DEBIT,03/18/2025,"Zelle payment to New Lil Bro JPM99b1q2mtr",-50.00,CHASE_TO_PARTNERFI,9620.90,,
DEBIT,03/17/2025,"TACO BELL 741069 MARICOPA AZ                 03/16",-25.81,DEBIT_CARD,9670.90,,
CREDIT,03/14/2025,"INTEL CORPORATIO DIRDEP                     PPD ID: 1941672743",7.55,ACH_CREDIT,9696.71,,
CREDIT,03/14/2025,"INTEL CORPORATIO DIRDEP                     PPD ID: 1941672743",1117.00,ACH_CREDIT,9689.16,,
DEBIT,03/12/2025,"PAYMENTUS CORP 980-272-3788 NC               03/11",-3.00,DEBIT_CARD,8572.16,,
DEBIT,03/12/2025,"GLOBAL WATER RESOURCE 512-696-2245 TX        03/11",-107.28,DEBIT_CARD,8575.16,,
DEBIT,03/10/2025,"Zelle payment to Lil Bro JPM99b0qrhnt",-20.00,CHASE_TO_PARTNERFI,8682.44,,
DEBIT,03/10/2025,"Groupon, Inc. groupon.com IL                 03/07",-74.00,DEBIT_CARD,8702.44,,
DEBIT,03/10/2025,"APPLE CASH BALANCE AD 877-233-8552 CA        03/08",-75.00,DEBIT_CARD,8776.44,,
DEBIT,03/06/2025,"APPLE CASH BALANCE AD 877-233-8552 CA        03/05",-45.00,DEBIT_CARD,8851.44,,
DEBIT,03/04/2025,"PL*PAYLEASE      WEB PMTS   33FHB7          WEB ID: 9000287225",-2.95,ACH_DEBIT,8896.44,,
DEBIT,03/04/2025,"PL*HOAPAYMENT    WEB PMTS   B5FHB7          WEB ID: 9000414133",-85.00,ACH_DEBIT,8899.39,,
DEBIT,03/04/2025,"LITTLE CAESARS #3202 MARICOPA AZ             03/02",-21.71,DEBIT_CARD,8984.39,,
DEBIT,03/03/2025,"NON-CHASE ATM FEE-WITH",-3.00,FEE_TRANSACTION,9006.10,,
DEBIT,03/03/2025,"LITTLE CAESARS #3202 MARICOPA AZ             03/02",-3.47,DEBIT_CARD,9009.10,,
DEBIT,03/03/2025,"NON-CHASE ATM WITHDRAW               007475  03/0226427 S A",-223.00,ATM,9012.57,,
DEBIT,03/03/2025,"LAKEVIEW LN SRV  MTG PYMT   0046359691      WEB ID: 1541322890",-1221.29,ACH_DEBIT,9235.57,,
CREDIT,02/28/2025,"INTEL CORPORATIO DIRDEP                     PPD ID: 1941672743",1117.00,ACH_CREDIT,10456.86,,
DEBIT,02/27/2025,"TACO BELL 741069 MARICOPA AZ                 02/26",-25.03,DEBIT_CARD,9339.86,,
CREDIT,02/27/2025,"Zelle payment from GLORIA FERNANDEZ 23868846212",1800.00,QUICKPAY_CREDIT,9364.89,,
DEBIT,02/24/2025,"DUTCHBROS.COFFEE APPS.APPLE.CO OR            02/23",-10.86,DEBIT_CARD,7564.89,,
DEBIT,02/24/2025,"JACK IN THE BOX 1544 520-568-1943 AZ         02/22",-22.72,DEBIT_CARD,7575.75,,
DEBIT,02/24/2025,"ORBITEL COMMUNICATION 520-568-8890 AZ        02/21",-72.82,DEBIT_CARD,7598.47,,
DEBIT,02/20/2025,"PANDA EXPRESS #1261 P olo.com AZ             02/20",-51.23,DEBIT_CARD,7671.29,,
CREDIT,02/18/2025,"INTEL CORPORATIO DIRDEP                     PPD ID: 1941672743",1069.38,ACH_CREDIT,7722.52,,
CREDIT,02/14/2025,"INTEL CORPORATIO DIRDEP                     PPD ID: 1941672743",1117.00,ACH_CREDIT,6653.14,,
DEBIT,02/12/2025,"PAYMENTUS CORP 980-272-3788 NC               02/11",-2.99,DEBIT_CARD,5536.14,,
DEBIT,02/12/2025,"GLOBAL WATER RESOURCE 512-696-2245 TX        02/11",-106.85,DEBIT_CARD,5539.13,,
DEBIT,02/12/2025,"MDC*ELECTRICAL DIST 3 520-4249021 AZ         02/11",-300.00,DEBIT_CARD,5645.98,,
DEBIT,02/10/2025,"NON-CHASE ATM FEE-WITH",-3.00,FEE_TRANSACTION,5945.98,,
DEBIT,02/10/2025,"NON-CHASE ATM WITHDRAW               009679  02/0926427 S A",-103.00,ATM,5948.98,,
DEBIT,02/10/2025,"AZ LOT CI 3033 W QUEEN CHANDLER AZ           02/08",-60.00,DEBIT_CARD,6051.98,,
DEBIT,02/10/2025,"TST* BROOKLYN V'S PIZ 480-572-1247 AZ        02/08",-54.72,DEBIT_CARD,6111.98,,
DEBIT,02/05/2025,"TST*ANGIES PRIME LOBS 623-471-8658 AZ        02/05",-101.95,DEBIT_CARD,6166.70,,
CREDIT,02/05/2025,"INTEL CORPORATIO DIRDEP                     PPD ID: 1941672743",210.99,ACH_CREDIT,6268.65,,
DEBIT,02/04/2025,"PL*PAYLEASE      WEB PMTS   FJDC77          WEB ID: 9000287225",-2.95,ACH_DEBIT,6057.66,,
DEBIT,02/04/2025,"PL*HOAPAYMENT    WEB PMTS   8FGC77          WEB ID: 9000414133",-85.00,ACH_DEBIT,6060.61,,
DEBIT,02/03/2025,"LAKEVIEW LN SRV  MTG PYMT   0046359691      WEB ID: 1541322890",-1212.66,ACH_DEBIT,6145.61,,
DEBIT,01/31/2025,"TACO BELL 741069 MARICOPA AZ                 01/30",-24.29,DEBIT_CARD,7358.27,,
CREDIT,01/31/2025,"INTEL CORPORATIO DIRDEP                     PPD ID: 1941672743",1117.00,ACH_CREDIT,7382.56,,
DEBIT,01/22/2025,"RING STANDARD PLAN HTTPSRING.COM CA          01/22",-108.69,DEBIT_CARD,6265.56,,
DEBIT,01/22/2025,"ORBITEL COMMUNICATION 520-568-8890 AZ        01/21",-72.82,DEBIT_CARD,6374.25,,
DEBIT,01/21/2025,"Zelle payment to Lil Bro JPM99avj7uuq",-30.00,CHASE_TO_PARTNERFI,6447.07,,
DEBIT,01/21/2025,"Zelle payment to Lil Bro JPM99avj7nrl",-1.00,CHASE_TO_PARTNERFI,6477.07,,
DEBIT,01/21/2025,"TACO BELL 741069 MARICOPA AZ                 01/17",-25.06,DEBIT_CARD,6478.07,,
CREDIT,01/17/2025,"INTEL CORPORATIO DIRDEP                     PPD ID: 1941672743",1117.00,ACH_CREDIT,6503.13,,
DEBIT,01/16/2025,"PAYMENTUS CORP 980-272-3788 NC               01/15",-3.02,DEBIT_CARD,5386.13,,
DEBIT,01/16/2025,"GLOBAL WATER RESOURCE 512-696-2245 TX        01/15",-107.88,DEBIT_CARD,5389.15,,
DEBIT,01/14/2025,"AZ LOT CI 3033 W QUEEN CHANDLER AZ           01/14",-50.00,DEBIT_CARD,5497.03,,
DEBIT,01/13/2025,"TACO BELL 741069 MARICOPA AZ                 01/10",-30.03,DEBIT_CARD,5547.03,,
DEBIT,01/06/2025,"PL*PAYLEASE      WEB PMTS   9VB747          WEB ID: 9000287225",-2.95,ACH_DEBIT,5577.06,,
DEBIT,01/06/2025,"PL*HOAPAYMENT    WEB PMTS   72H747          WEB ID: 9000414133",-85.00,ACH_DEBIT,5580.01,,
CREDIT,01/03/2025,"INTEL CORPORATIO DIRDEP                     PPD ID: 1941672743",1117.00,ACH_CREDIT,5665.01,,
DEBIT,01/02/2025,"LAKEVIEW LN SRV  MTG PYMT   0046359691      WEB ID: 1541322890",-1212.66,ACH_DEBIT,4548.01,,
DEBIT,01/02/2025,"TACO BELL 741069 MARICOPA AZ                 12/31",-21.69,DEBIT_CARD,5760.67,,
DEBIT,12/27/2024,"Zelle payment to Kiki JPM99atp1uxr",-150.00,CHASE_TO_PARTNERFI,5782.36,,
DEBIT,12/23/2024,"Zelle payment to Armando 23126192671",-10.00,QUICKPAY_DEBIT,5932.36,,
DEBIT,12/23/2024,"ORBITEL COMMUNICATION 520-568-8890 AZ        12/20",-70.67,DEBIT_CARD,5942.36,,
DEBIT,12/23/2024,"APPLE CASH SENT MONE 1INFINITELOOP CA        12/20",-25.00,DEBIT_CARD,6013.03,,
DEBIT,12/23/2024,"APPLE CASH SENT MONE 1INFINITELOOP CA        12/20",-20.00,DEBIT_CARD,6038.03,,
CREDIT,12/20/2024,"INTEL CORPORATIO DIRDEP                     PPD ID: 1941672743",1117.00,ACH_CREDIT,6058.03,,
DEBIT,12/19/2024,"JACK IN THE BOX 1544 520-568-1943 AZ         12/19",-5.41,DEBIT_CARD,4941.03,,
DEBIT,12/19/2024,"WCI*RAD EAST VALLEY 480-983-9101 AZ          12/18",-58.23,DEBIT_CARD,4946.44,,
CREDIT,12/19/2024,"Zelle payment from ISMAEL GUTIERREZ BACuzql2wtqj",45.00,PARTNERFI_TO_CHASE,5004.67,,
DEBIT,12/18/2024,"MDC*ELECTRICAL DIST 3 520-4249021 AZ         12/17",-200.00,DEBIT_CARD,4959.67,,
DEBIT,12/17/2024,"ATM WITHDRAWAL                       004920  12/174745 E EL",-300.00,ATM,5159.67,,
DEBIT,12/17/2024,"Zelle payment to Kiki JPM99at2yi93",-180.00,CHASE_TO_PARTNERFI,5459.67,,
DEBIT,12/17/2024,"APPLE CASH SENT MONE 1INFINITELOOP CA        12/16",-140.00,DEBIT_CARD,5639.67,,
DEBIT,12/12/2024,"PAYMENTUS CORP 980-272-3788 NC               12/11",-2.97,DEBIT_CARD,5779.67,,
DEBIT,12/12/2024,"GLOBAL WATER RESOURCE 512-696-2245 TX        12/11",-106.14,DEBIT_CARD,5782.64,,
DEBIT,12/10/2024,"APPLE CASH SENT MONE 1INFINITELOOP CA        12/09",-24.68,DEBIT_CARD,5888.78,,
DEBIT,12/06/2024,"APPLE CASH SENT MONE 1INFINITELOOP CA        12/05",-30.00,DEBIT_CARD,5913.46,,
CREDIT,12/06/2024,"INTEL CORPORATIO DIRDEP                     PPD ID: 1941672743",1117.00,ACH_CREDIT,5943.46,,
DEBIT,12/05/2024,"CIRCLE K # 03486 MARICOPA AZ                 12/04",-41.46,DEBIT_CARD,4826.46,,
DEBIT,12/04/2024,"PL*PAYLEASE      WEB PMTS   58YY07          WEB ID: 9000287225",-2.95,ACH_DEBIT,4867.92,,
DEBIT,12/04/2024,"PL*HOAPAYMENT    WEB PMTS   VXZY07          WEB ID: 9000414133",-85.00,ACH_DEBIT,4870.87,,
DEBIT,12/04/2024,"Zelle payment to Armando 22933307188",-130.00,QUICKPAY_DEBIT,4955.87,,
DEBIT,12/04/2024,"Zelle payment to Armando 22933321390",-1.00,QUICKPAY_DEBIT,5085.87,,
DEBIT,12/04/2024,"CPI*CANTEEN VENDING P 800-628-8363 AZ        12/03",-2.70,DEBIT_CARD,5086.87,,
CREDIT,12/04/2024,"Zelle payment from GLORIA FERNANDEZ 22936454191",603.00,QUICKPAY_CREDIT,5089.57,,
DEBIT,12/02/2024,"KORAS JEWELERS 138-54128102 AZ               11/30",-990.00,DEBIT_CARD,4486.57,,
DEBIT,12/02/2024,"LAKEVIEW LN SRV  MTG PYMT   0046359691      WEB ID: 1541322890",-1212.66,ACH_DEBIT,5476.57,,
DEBIT,12/02/2024,"APPLE CASH SENT MONE 1INFINITELOOP CA        11/30",-160.00,DEBIT_CARD,6689.23,,
DEBIT,11/29/2024,"JACK IN THE BOX 1544 520-568-1943 AZ         11/29",-35.29,DEBIT_CARD,6849.23,,
DEBIT,11/29/2024,"APPLE CASH SENT MONE 1INFINITELOOP CA        11/28",-20.00,DEBIT_CARD,6884.52,,
DEBIT,11/27/2024,"365 Market  888 432-329 TROY MI              11/26",-14.59,DEBIT_CARD,6904.52,,
DEBIT,11/25/2024,"Zelle payment to Juan JPM99artfjul",-90.00,CHASE_TO_PARTNERFI,6919.11,,
DEBIT,11/25/2024,"DUTCH BROS 5419554700 OR                     11/25",-20.00,DEBIT_CARD,7009.11,,
DEBIT,11/25/2024,"APPLE CASH SENT MONE 1INFINITELOOP CA        11/24",-20.00,DEBIT_CARD,7029.11,,
CREDIT,11/22/2024,"INTEL CORPORATIO DIRDEP                     PPD ID: 1941672743",1117.00,ACH_CREDIT,7049.11,,
DEBIT,11/20/2024,"ORBITEL COMMUNICATION 520-568-8890 AZ        11/20",-70.67,DEBIT_CARD,5932.11,,
DEBIT,11/18/2024,"APPLE CASH SENT MONE 1INFINITELOOP CA        11/16",-10.00,DEBIT_CARD,6002.78,,
DEBIT,11/14/2024,"PAYMENTUS CORP 980-272-3788 NC               11/13",-2.99,DEBIT_CARD,6012.78,,
DEBIT,11/14/2024,"GLOBAL WATER RESOURCE 512-696-2245 TX        11/13",-106.95,DEBIT_CARD,6015.77,,
DEBIT,11/13/2024,"APPLE.COM/US 800-676-2775 CA                 11/13",-29.00,DEBIT_CARD,6122.72,,
DEBIT,11/12/2024,"APPLE CASH SENT MONE 1INFINITELOOP CA        11/09",-25.00,DEBIT_CARD,6151.72,,
DEBIT,11/08/2024,"TACO BELL 737559 CHANDLER AZ                 11/08",-25.35,DEBIT_CARD,6176.72,,
CREDIT,11/08/2024,"INTEL CORPORATIO DIRDEP                     PPD ID: 1941672743",1117.00,ACH_CREDIT,6202.07,,
DEBIT,11/05/2024,"PL*PAYLEASE      WEB PMTS   1SBRX6          WEB ID: 9000287225",-2.95,ACH_DEBIT,5085.07,,
DEBIT,11/05/2024,"PL*HOAPAYMENT    WEB PMTS   104WX6          WEB ID: 9000414133",-85.00,ACH_DEBIT,5088.02,,
DEBIT,11/01/2024,"LAKEVIEW LN SRV  MTG PYMT   0046359691      WEB ID: 1541322890",-1212.66,ACH_DEBIT,5173.02,,
DEBIT,10/31/2024,"TACO BELL 741069 MARICOPA AZ                 10/30",-31.11,DEBIT_CARD,6385.68,,
CREDIT,10/31/2024,"Zelle payment from GLORIA FERNANDEZ 22557215823",597.47,QUICKPAY_CREDIT,6416.79,,
DEBIT,10/29/2024,"MCDONALD'S F34511 MARICOPA AZ                10/28",-9.10,DEBIT_CARD,5819.32,,
DEBIT,10/29/2024,"CIRCLE K 09183 CHANDLER AZ                   10/28",-20.38,DEBIT_CARD,5828.42,,
DEBIT,10/28/2024,"APPLE CASH SENT MONE 1INFINITELOOP CA        10/25",-30.00,DEBIT_CARD,5848.80,,
CREDIT,10/25/2024,"INTEL CORPORATIO DIRDEP                     PPD ID: 1941672743",1117.00,ACH_CREDIT,5878.80,,
DEBIT,10/24/2024,"ATM WITHDRAWAL                       006986  10/244040 E CH",-300.00,ATM,4761.80,,
DEBIT,10/21/2024,"ORBITEL COMMUNICATION 520-568-8890 AZ        10/20",-70.67,DEBIT_CARD,5061.80,,
DEBIT,10/21/2024,"ATM WITHDRAWAL                       003229  10/19228 W CHA",-460.00,ATM,5132.47,,
DEBIT,10/21/2024,"SQ *DAWNA TAYLOR STYLIS Maricopa AZ          10/18",-51.75,DEBIT_CARD,5592.47,,
DEBIT,10/18/2024,"JACK IN THE BOX 1544 520-568-1943 AZ         10/18",-23.35,DEBIT_CARD,5644.22,,
DEBIT,10/17/2024,"ATM WITHDRAWAL                       002021  10/1621650 N J",-100.00,ATM,5667.57,,
DEBIT,10/15/2024,"Payment to Chase card ending in 7956 10/15",-1000.00,LOAN_PMT,5767.57,,
DEBIT,10/15/2024,"MDC*ELECTRICAL DIST 3 520-4249021 AZ         10/14",-300.00,DEBIT_CARD,6767.57,,
DEBIT,10/15/2024,"PAYMENTUS CORP 980-272-3788 NC               10/11",-3.01,DEBIT_CARD,7067.57,,
DEBIT,10/15/2024,"GLOBAL WATER RESOURCE 512-696-2245 TX        10/11",-107.62,DEBIT_CARD,7070.58,,
CREDIT,10/11/2024,"INTEL CORPORATIO DIRDEP                     PPD ID: 1941672743",1117.00,ACH_CREDIT,7178.20,,
DEBIT,10/08/2024,"APPLE.COM/US 800-676-2775 CA                 10/08",-49.00,DEBIT_CARD,6061.20,,
DEBIT,10/07/2024,"APPLE CASH SENT MONE 1INFINITELOOP CA        10/06",-40.00,DEBIT_CARD,6110.20,,
DEBIT,10/04/2024,"PL*PAYLEASE      WEB PMTS   G9MTT6          WEB ID: 9000287225",-2.95,ACH_DEBIT,6150.20,,
DEBIT,10/04/2024,"PL*HOAPAYMENT    WEB PMTS   DVSTT6          WEB ID: 9000414133",-85.00,ACH_DEBIT,6153.15,,
DEBIT,10/02/2024,"Zelle payment to VAESSA JPM99aopjioy",-200.00,CHASE_TO_PARTNERFI,6238.15,,
DEBIT,10/02/2024,"COSTCO *ANNUAL RENEWA 800-774-2678 WA        10/02",-65.00,DEBIT_CARD,6438.15,,
DEBIT,10/01/2024,"LAKEVIEW LN SRV  MTG PYMT   0046359691      WEB ID: 1541322890",-1212.66,ACH_DEBIT,6503.15,,
CREDIT,09/27/2024,"INTEL CORPORATIO DIRDEP                     PPD ID: 1941672743",1117.00,ACH_CREDIT,7715.81,,
CREDIT,09/26/2024,"Zelle payment from GLORIA FERNANDEZ 22173455685",600.00,QUICKPAY_CREDIT,6598.81,,
DEBIT,09/23/2024,"ORBITEL COMMUNICATION 520-568-8890 AZ        09/22",-70.67,DEBIT_CARD,5998.81,,
DEBIT,09/19/2024,"WCI*RAD EAST VALLEY 480-983-9101 AZ          09/18",-58.23,DEBIT_CARD,6069.48,,
CREDIT,09/13/2024,"INTEL CORPORATIO DIRDEP                     PPD ID: 1941672743",1117.00,ACH_CREDIT,6127.71,,
DEBIT,09/12/2024,"CC* CRUMBL MARICOPA HTTPSWWW.CRUM UT         09/12",-18.90,DEBIT_CARD,5010.71,,
DEBIT,09/12/2024,"APPLE CASH SENT MONE 1INFINITELOOP CA        09/10",-40.00,DEBIT_CARD,5029.61,,
DEBIT,09/11/2024,"PAYMENTUS CORP 980-272-3788 NC               09/10",-3.00,DEBIT_CARD,5069.61,,
DEBIT,09/11/2024,"GLOBAL WATER RESOURCE 512-696-2245 TX        09/10",-107.19,DEBIT_CARD,5072.61,,
CREDIT,09/11/2024,"Zelle payment from GLORIA FERNANDEZ 22024456393",100.00,QUICKPAY_CREDIT,5179.80,,
DEBIT,09/09/2024,"NON-CHASE ATM FEE-WITH",-3.00,FEE_TRANSACTION,5079.80,,
DEBIT,09/09/2024,"NON-CHASE ATM WITHDRAW               268672  09/0717006 S W",-103.00,ATM,5082.80,,
DEBIT,09/09/2024,"ATM WITHDRAWAL                       005829  09/079538 E RI",-220.00,ATM,5185.80,,
DEBIT,09/09/2024,"MDC*ELECTRICAL DIST 3 520-4249021 AZ         09/07",-300.00,DEBIT_CARD,5405.80,,
DEBIT,09/09/2024,"APPLE CASH SENT MONE 1INFINITELOOP CA        09/06",-30.00,DEBIT_CARD,5705.80,,
CREDIT,09/06/2024,"Zelle payment from Cristian Zamora COF9SW6889UX",200.00,PARTNERFI_TO_CHASE,5735.80,,
DEBIT,09/05/2024,"SONIC DRIVE IN #6384 480-821-7362 AZ         09/03",-18.65,DEBIT_CARD,5535.80,,
CREDIT,09/05/2024,"INTEL CORPORATIO DIRDEP                     PPD ID: 1941672743",16.72,ACH_CREDIT,5554.45,,
DEBIT,09/04/2024,"PL*PAYLEASE      WEB PMTS   VGM9Q6          WEB ID: 9000287225",-2.95,ACH_DEBIT,5537.73,,
DEBIT,09/04/2024,"PL*HOAPAYMENT    WEB PMTS   P5S9Q6          WEB ID: 9000414133",-85.00,ACH_DEBIT,5540.68,,
DEBIT,09/04/2024,"TACO BELL 741069 MARICOPA AZ                 09/03",-8.67,DEBIT_CARD,5625.68,,
DEBIT,09/04/2024,"APPLE CASH SENT MONE 1INFINITELOOP CA        09/03",-20.00,DEBIT_CARD,5634.35,,
DEBIT,09/03/2024,"Payment to Chase card ending in 7956 09/03",-800.00,LOAN_PMT,5654.35,,
DEBIT,09/03/2024,"LAKEVIEW LN SRV  MTG PYMT   0046359691      WEB ID: 1541322890",-1212.66,ACH_DEBIT,6454.35,,
CREDIT,08/30/2024,"INTEL CORPORATIO DIRDEP                     PPD ID: 1941672743",1117.00,ACH_CREDIT,7667.01,,
CREDIT,08/29/2024,"Zelle payment from GLORIA FERNANDEZ 21881525774",100.00,QUICKPAY_CREDIT,6550.01,,
CREDIT,08/28/2024,"Zelle payment from JORGE VERDUGO CORRALES WFCT0XZH5FHZ",50.00,PARTNERFI_TO_CHASE,6450.01,,
CREDIT,08/28/2024,"Zelle payment from GLORIA FERNANDEZ 21868142323",500.00,QUICKPAY_CREDIT,6400.01,,
DEBIT,08/22/2024,"Zelle payment to joker  21808309528",-80.00,QUICKPAY_DEBIT,5900.01,,
DEBIT,08/22/2024,"Groupon, Inc. groupon.com IL                 08/22",-12.60,DEBIT_CARD,5980.01,,
DEBIT,08/22/2024,"APPLE CASH SENT MONE 1INFINITELOOP CA        08/21",-20.00,DEBIT_CARD,5992.61,,
DEBIT,08/20/2024,"ORBITEL COMMUNICATION 520-568-8890 AZ        08/20",-70.67,DEBIT_CARD,6012.61,,
CREDIT,08/19/2024,"Zelle payment from ISMAEL GUTIERREZ BACvhzjpzr7q",400.00,PARTNERFI_TO_CHASE,6083.28,,
CREDIT,08/16/2024,"INTEL CORPORATIO DIRDEP                     PPD ID: 1941672743",1117.00,ACH_CREDIT,5683.28,,
DEBIT,08/12/2024,"PAYMENTUS CORP 980-272-3788 NC               08/10",-3.04,DEBIT_CARD,4566.28,,
DEBIT,08/12/2024,"GLOBAL WATER RESOURCE 512-696-2245 TX        08/10",-108.42,DEBIT_CARD,4569.32,,
DEBIT,08/12/2024,"APPLE CASH SENT MONE 1INFINITELOOP CA        08/11",-50.00,DEBIT_CARD,4677.74,,
DEBIT,08/09/2024,"Zelle payment to Lil Bro JPM99alo3qbh",-100.00,CHASE_TO_PARTNERFI,4727.74,,
CREDIT,08/09/2024,"Zelle payment from ISMAEL GUTIERREZ BACwg5xx4c1g",100.00,PARTNERFI_TO_CHASE,4827.74,,
DEBIT,08/08/2024,"Zelle payment to joker  21666090934",-10.00,QUICKPAY_DEBIT,4727.74,,
DEBIT,08/08/2024,"Zelle payment to joker  21666011746",-150.00,QUICKPAY_DEBIT,4737.74,,
CREDIT,08/07/2024,"INTEL CORPORATIO DIRDEP                     PPD ID: 1941672743",31.33,ACH_CREDIT,4887.74,,
DEBIT,08/06/2024,"PL*PAYLEASE      WEB PMTS   GDSKM6          WEB ID: 9000287225",-2.95,ACH_DEBIT,4856.41,,
DEBIT,08/06/2024,"PL*HOAPAYMENT    WEB PMTS   2XTPM6          WEB ID: 9000414133",-85.00,ACH_DEBIT,4859.36,,
DEBIT,08/05/2024,"MDC*ELECTRICAL DIST 3 520-4249021 AZ         08/03",-300.00,DEBIT_CARD,4944.36,,
DEBIT,08/05/2024,"CC* CRUMBL MARICOPA HTTPSWWW.CRUM UT         08/03",-22.79,DEBIT_CARD,5244.36,,
DEBIT,08/05/2024,"Zelle payment to Kiki JPM99alcjjd9",-200.00,CHASE_TO_PARTNERFI,5267.15,,
CREDIT,08/02/2024,"INTEL CORPORATIO DIRDEP                     PPD ID: 1941672743",1117.00,ACH_CREDIT,5467.15,,
DEBIT,08/01/2024,"LAKEVIEW LN SRV  MTG PYMT   0046359691      WEB ID: 1541322890",-1212.66,ACH_DEBIT,4350.15,,
DEBIT,07/31/2024,"AZ LOT CI 3033 W QUEEN CHANDLER AZ           07/30",-40.00,DEBIT_CARD,5562.81,,
DEBIT,07/29/2024,"APPLE CASH SENT MONE 1INFINITELOOP CA        07/27",-20.00,DEBIT_CARD,5602.81,,
DEBIT,07/29/2024,"APPLE CASH SENT MONE 1INFINITELOOP CA        07/26",-20.00,DEBIT_CARD,5622.81,,
DEBIT,07/26/2024,"NON-CHASE ATM FEE-WITH",-3.00,FEE_TRANSACTION,5642.81,,
DEBIT,07/26/2024,"NON-CHASE ATM WITHDRAW               220623  07/2617006 S W",-303.00,ATM,5645.81,,
DEBIT,07/24/2024,"Zelle payment to Kiki JPM99aksw4ex",-40.00,CHASE_TO_PARTNERFI,5948.81,,
DEBIT,07/23/2024,"ATM WITHDRAWAL                       005875  07/221025 W QU",-160.00,ATM,5988.81,,
DEBIT,07/22/2024,"ORBITEL COMMUNICATION 520-568-8890 AZ        07/21",-70.67,DEBIT_CARD,6148.81,,
CREDIT,07/19/2024,"INTEL CORPORATIO DIRDEP                     PPD ID: 1941672743",1117.00,ACH_CREDIT,6219.48,,
DEBIT,07/18/2024,"APPLE CASH SENT MONE 1INFINITELOOP CA        07/17",-100.00,DEBIT_CARD,5102.48,,
DEBIT,07/15/2024,"DOMINO'S 7690 MARICOPA AZ                    07/13",-41.00,DEBIT_CARD,5202.48,,
DEBIT,07/15/2024,"PAYMENTUS CORP 980-272-3788 NC               07/12",-3.02,DEBIT_CARD,5243.48,,
DEBIT,07/15/2024,"GLOBAL WATER RESOURCE 512-696-2245 TX        07/12",-107.69,DEBIT_CARD,5246.50,,
DEBIT,07/12/2024,"TACO BELL #29517 GLENDALE AZ                 07/11",-29.03,DEBIT_CARD,5354.19,,
DEBIT,07/10/2024,"ATM WITHDRAWAL                       005801  07/102715 S 99",-500.00,ATM,5383.22,,
CREDIT,07/10/2024,"Zelle payment from GLORIA FERNANDEZ 21362748752",600.00,QUICKPAY_CREDIT,5883.22,,
DEBIT,07/09/2024,"INTEL OC8 CAFE CHANDLER AZ                   07/08",-7.34,DEBIT_CARD,5283.22,,
DEBIT,07/08/2024,"ALBERTSON 3145 S ALMA CHANDLER AZ            07/08",-25.00,DEBIT_CARD,5290.56,,
DEBIT,07/08/2024,"Zelle payment to Lil Bro JPM99ajxet43",-30.00,CHASE_TO_PARTNERFI,5315.56,,
DEBIT,07/08/2024,"MDC*ELECTRICAL DIST 3 520-4249021 AZ         07/06",-300.00,DEBIT_CARD,5345.56,,
DEBIT,07/05/2024,"PL*PAYLEASE      WEB PMTS   P9B7J6          WEB ID: 9000287225",-1.95,ACH_DEBIT,5645.56,,
DEBIT,07/05/2024,"PL*HOAPAYMENT    WEB PMTS   LLM7J6          WEB ID: 9000414133",-85.00,ACH_DEBIT,5647.51,,
DEBIT,07/05/2024,"CIRCLE K 09183 3033 W CHANDLER AZ            07/04",-42.22,DEBIT_CARD,5732.51,,
CREDIT,07/05/2024,"INTEL CORPORATIO DIRDEP                     PPD ID: 1941672743",1117.00,ACH_CREDIT,5774.73,,
DEBIT,07/01/2024,"LITTLE CAESARS #3202 MARICOPA AZ             06/29",-11.95,DEBIT_CARD,4657.73,,
DEBIT,07/01/2024,"LAKEVIEW LN SRV  MTG PYMT   0046359691      WEB ID: 1541322890",-1212.66,ACH_DEBIT,4669.68,,
DEBIT,06/27/2024,"NON-CHASE ATM FEE-WITH",-3.00,FEE_TRANSACTION,5882.34,,
DEBIT,06/27/2024,"NON-CHASE ATM WITHDRAW               930102  06/2717006 S W",-203.00,ATM,5885.34,,
DEBIT,06/27/2024,"APPLE CASH BALANCE AD 877-233-8552 CA        06/26",-20.00,DEBIT_CARD,6088.34,,
DEBIT,06/24/2024,"ORBITEL COMMUNICATION 520-568-8890 AZ        06/21",-70.67,DEBIT_CARD,6108.34,,
CREDIT,06/21/2024,"INTEL CORPORATIO DIRDEP                     PPD ID: 1941672743",1117.00,ACH_CREDIT,6179.01,,
DEBIT,06/20/2024,"WCI*RAD EAST VALLEY 480-983-9101 AZ          06/19",-58.23,DEBIT_CARD,5062.01,,
DEBIT,06/20/2024,"TARGET T- 9830 W LOWER TOLLESON AZ           06/19 Purchase $2.99 Cash Back $40.00",-42.99,DEBIT_CARD,5120.24,,
DEBIT,06/20/2024,"TARGET T- 9830 W LOWER TOLLESON AZ           06/19 Purchase $2.19 Cash Back $40.00",-42.19,DEBIT_CARD,5163.23,,
DEBIT,06/20/2024,"TARGET T- 9830 W LOWER TOLLESON AZ           06/19 Purchase $1.99 Cash Back $40.00",-41.99,DEBIT_CARD,5205.42,,
DEBIT,06/17/2024,"NON-CHASE ATM FEE-WITH",-3.00,FEE_TRANSACTION,5247.41,,
DEBIT,06/17/2024,"NON-CHASE ATM WITHDRAW               993326  06/1626427 S A",-303.00,ATM,5250.41,,
DEBIT,06/17/2024,"APPLE CASH SENT MONE 1INFINITELOOP CA        06/14",-30.00,DEBIT_CARD,5553.41,,
DEBIT,06/14/2024,"Payment to Chase card ending in 7956 06/14",-1000.00,LOAN_PMT,5583.41,,
DEBIT,06/13/2024,"MDC*ELECTRICAL DIST 3 520-4249021 AZ         06/12",-200.00,DEBIT_CARD,6583.41,,
DEBIT,06/12/2024,"PAYMENTUS CORP 980-272-3788 NC               06/11",-3.02,DEBIT_CARD,6783.41,,
DEBIT,06/12/2024,"GLOBAL WATER RESOURCE 512-696-2245 TX        06/11",-107.78,DEBIT_CARD,6786.43,,
CREDIT,06/12/2024,"Zelle payment from Cristian Zamora COF87TNKB8PK",1.00,PARTNERFI_TO_CHASE,6894.21,,
CREDIT,06/12/2024,"Zelle payment from Cristian Zamora COF5LXTFMR0N",200.00,PARTNERFI_TO_CHASE,6893.21,,
DEBIT,06/11/2024,"APPLE CASH BALANCE AD 877-233-8552 CA        06/09",-200.00,DEBIT_CARD,6693.21,,
CREDIT,06/07/2024,"INTEL CORPORATIO DIRDEP                     PPD ID: 1941672743",1117.00,ACH_CREDIT,6893.21,,
DEBIT,06/05/2024,"Zelle payment to Juan JPM99ai8g15c",-180.00,CHASE_TO_PARTNERFI,5776.21,,
CREDIT,06/05/2024,"Zelle payment from VAESSA ZAMORA 0G502BZ1721J",80.00,PARTNERFI_TO_CHASE,5956.21,,
